{
  "Random Forest": {
    "accuracy": {
      "mean": 0.9,
      "std": 0.08164965809277258,
      "scores": [
        0.8333333333333334,
        1.0,
        0.8333333333333334,
        0.8333333333333334,
        1.0
      ]
    },
    "f1_score": {
      "mean": 0.9454545454545455,
      "std": 0.04453617714151235
    },
    "precision": {
      "mean": 0.9,
      "std": 0.08164965809277258
    },
    "recall": {
      "mean": 1.0,
      "std": 0.0
    },
    "full_accuracy": 1.0,
    "full_f1": 1.0
  },
  "SVM (RBF)": {
    "accuracy": {
      "mean": 0.8333333333333334,
      "std": 0.0,
      "scores": [
        0.8333333333333334,
        0.8333333333333334,
        0.8333333333333334,
        0.8333333333333334,
        0.8333333333333334
      ]
    },
    "f1_score": {
      "mean": 0.909090909090909,
      "std": 1.1102230246251565e-16
    },
    "precision": {
      "mean": 0.8333333333333334,
      "std": 0.0
    },
    "recall": {
      "mean": 1.0,
      "std": 0.0
    },
    "full_accuracy": 0.9,
    "full_f1": 0.9433962264150944
  },
  "Logistic Regression": {
    "accuracy": {
      "mean": 0.9,
      "std": 0.08164965809277258,
      "scores": [
        0.8333333333333334,
        1.0,
        0.8333333333333334,
        0.8333333333333334,
        1.0
      ]
    },
    "f1_score": {
      "mean": 0.9454545454545455,
      "std": 0.04453617714151235
    },
    "precision": {
      "mean": 0.9,
      "std": 0.08164965809277258
    },
    "recall": {
      "mean": 1.0,
      "std": 0.0
    },
    "full_accuracy": 0.9,
    "full_f1": 0.9433962264150944
  }
}