{
  "timestamp": "20250803_222551",
  "config": {
    "n_zero_days": 51,
    "n_regular": 45,
    "total": 96
  },
  "metrics": {
    "accuracy": 0.7604166666666666,
    "precision": 0.7592592592592593,
    "recall": 0.803921568627451,
    "f1_score": 0.780952380952381,
    "tp": 41,
    "fp": 13,
    "tn": 32,
    "fn": 10
  },
  "errors": {
    "false_positives": [
      "CVE-2023-36802",
      "CVE-2022-44698",
      "CVE-2021-31956",
      "CVE-2022-38028",
      "CVE-2023-21823",
      "CVE-2020-0796",
      "CVE-2021-33739",
      "CVE-2016-3351",
      "CVE-2022-41128",
      "CVE-2024-29988",
      "CVE-2018-8453",
      "CVE-2023-44487",
      "CVE-2023-1389"
    ],
    "false_negatives": [
      "CVE-2020-16898",
      "CVE-2022-42475",
      "CVE-2021-30860",
      "CVE-2021-21972",
      "CVE-2022-35405",
      "CVE-2023-29357",
      "CVE-2023-28252",
      "CVE-2024-6387",
      "CVE-2024-21683",
      "CVE-2023-21554"
    ]
  }
}